{
 "barcelona": {
  "n": 41.4679135,
  "e": 2.2283555,
  "s": 41.3170353,
  "w": 2.0524977
 },
 "madrid": {
  "n": 40.6437293,
  "e": -3.5183264,
  "s": 40.3119774,
  "w": -3.8889539
 },
 "vienna": {
  "n": 48.3226679,
  "e": 16.5775132,
  "s": 48.1179069,
  "w": 16.181831
 }
}