{
 "barcelona": {
  "n": 41.4679135,
  "e": 2.2283555,
  "s": 41.3170353,
  "w": 2.0524977
 },
 "madrid": {
  "n": 40.6437293,
  "e": -3.5183264,
  "s": 40.3119774,
  "w": -3.8889539
 },
 "vienna": {
  "n": 48.3226679,
  "e": 16.5775132,
  "s": 48.1179069,
  "w": 16.181831
 },
 "prague": {
  "n": 50.1774302,
  "e": 14.6656111,
  "s": 49.9419006,
  "w": 14.265611100000001
 },
 "berlin": {
  "n": 52.6755087,
  "e": 13.62475295,
  "s": 52.3382448,
  "w": 13.224752950000001
 },
 "budapest": {
  "n": 47.6131468,
  "e": 19.330015749999998,
  "s": 47.3496899,
  "w": 18.93001575
 },
 "milan": {
  "n": 45.5358482,
  "e": 9.2781103,
  "s": 45.3867381,
  "w": 9.0408867
 },
 "rome": {
  "n": 42.0983351,
  "e": 12.7451136,
  "s": 41.698335099999994,
  "w": 12.345113600000001
 }
}